{
  "TP": 42,
  "FP": 121,
  "FN": 58,
  "TN": 779,
  "precision": 0.25766871165644173,
  "recall": 0.42,
  "f1_score": 0.3193916349809886,
  "scoring_threshold": 0.9087359661235941,
  "total_predictions": 163
}