{
  "TP": 38,
  "FP": 103,
  "FN": 62,
  "TN": 797,
  "precision": 0.2695035460992908,
  "recall": 0.38,
  "f1_score": 0.3153526970954357,
  "scoring_threshold": 0.7062204228806344,
  "total_predictions": 141
}